{"type": "block", "layer": 0, "block": 83, "features": [{"geom": {"lines": [[-383.5687498137122, 104.18539685197175, 283.404052734375, -346.9617580616614, 138.2988283438608, 282.7604675292969]]}, "mtl": 0}, {"geom": {"lines": [[-346.9617580616614, 138.2988283438608, 282.7604675292969, -316.16639475675765, 167.3545140484348, 282.4200744628906]]}, "mtl": 0}, {"geom": {"lines": [[-346.7119697900489, 138.30563099123538, 282.76519775390625, -346.7121037328616, 138.28819007147104, 282.7647705078125, -346.71345396642573, 138.27080097980797, 282.7643127441406, -346.7160139132757, 138.2535484349355, 282.76385498046875, -346.71977109997533, 138.236516488716, 282.76336669921875, -346.7247072237078, 138.21978812199086, 282.7628479003906, -346.7307982352795, 138.20344482921064, 282.7623291015625, -346.7380144587951, 138.18756623379886, 282.76177978515625, -346.7463207398541, 138.17222969885916, 282.7612609863281, -346.7556766088819, 138.1575099406764, 282.76068115234375, -346.76603648695163, 138.14347866736352, 282.7601318359375, -346.7773499004543, 138.13020424637944, 282.75958251953125, -346.7895617320901, 138.11775134131312, 282.7594909667969, -346.8026124862954, 138.106180626899, 282.75970458984375, -346.816438582493, 138.09554847329855, 282.7598876953125, -346.8309726603329, 138.0859066778794, 282.760009765625, -346.8461439112434, 138.0773022165522, 282.76007080078125, -346.86187842302024, 138.06977700721473, 282.7601013183594, -346.87809953826945, 138.0633677141741, 282.76007080078125, -346.89472823007964, 138.05810556095093, 282.7599792480469, -346.9116834833985, 138.0540161849931, 282.75982666015625, -346.92888269538525, 138.05111950915307, 282.7596435546875, -346.9462420734344, 138.04942964669317, 282.7593994140625, -346.9636770428624, 138.048954827711, 282.75909423828125, -346.98110266425647, 138.04969736840576, 282.75872802734375, -346.9984340398805, 138.05165364872664, 282.7583312988281, -347.0155867335852, 138.0548141412437, 282.75787353515625, -347.0324771804735, 138.0591634484008, 282.7573547363281, -347.0490230903961, 138.06468037422746, 282.7568054199219, -347.06514385389164, 138.07133804820478, 282.75616455078125, -347.080760931829, 138.07910403143615, 282.7555236816406, -347.0957982399268, 138.0879404898733, 282.75482177734375, -347.11018251802307, 138.09780437126756, 282.75408935546875, -347.1238436863059, 138.10864762216806, 282.7532958984375, -347.1367151903687, 138.1204174151644, 282.7524719238281, -347.14873432111926, 138.13305640779436, 282.75225830078125, -347.1598425224656, 138.14650302566588, 282.75244140625, -347.169985675253, 138.16069175489247, 282.7526550292969, -347.17911436525173, 138.17555347085, 282.7528991699219, -347.1871841158718, 138.19101577438414, 282.7532043457031, -347.19415561435744, 138.20700332522392, 282.7535400390625, -347.1999948954908, 138.2234382396564, 282.75390625, -347.204673509812, 138.24024044908583, 282.7543029785156, -347.20816866552923, 138.25732808932662, 282.7547607421875, -347.2104633329436, 138.2746179178357, 282.7552185058594, -347.21154633304104, 138.2920256955549, 282.7557067871094, -347.2114123903448, 138.30946661531925, 282.7562255859375, -347.2100621566642, 138.32685570698231, 282.75677490234375, -347.20750220958143, 138.34410825185478, 282.75732421875, -347.2037450231146, 138.36114019714296, 282.7579040527344, -347.19880889938213, 138.37786856479943, 282.75848388671875, -347.19271788804326, 138.39421185851097, 282.7590637207031, -347.1855016645277, 138.4100904520601, 282.7596435546875, -347.1771953833522, 138.42542698793113, 282.76025390625, -347.16783951432444, 138.44014674797654, 282.7608337402344, -347.1574796361383, 138.45417801756412, 282.76141357421875, -347.14616622263566, 138.46745244041085, 282.7619934082031, -347.1339543912327, 138.47990534547716, 282.7625427246094, -347.12090363702737, 138.49147605802864, 282.7630920410156, -347.1070775408298, 138.50210821256042, 282.7636413574219, -347.09254346310627, 138.51175000797957, 282.7641296386719, -347.0773722123122, 138.5203544711694, 282.7646179199219, -347.06163770053536, 138.52787967957556, 282.7651062011719, -347.04541658528615, 138.53428897354752, 282.7655334472656, -347.0287878935924, 138.53955112677068, 282.76593017578125, -347.0118326402735, 138.5436405017972, 282.7663269042969, -346.99463342817035, 138.54653717856854, 282.76666259765625, -346.9772740500048, 138.54822704102844, 282.7669982910156, -346.9598390806932, 138.54870185814798, 282.76727294921875, -346.94241345941555, 138.54795931838453, 282.7675476074219, -346.9250820836751, 138.54600303713232, 282.76776123046875, -346.9079293899704, 138.5428425464779, 282.7679443359375, -346.8910389430821, 138.53849324211478, 282.7680969238281, -346.8744930331595, 138.53297631349415, 282.7682189941406, -346.8583722697804, 138.52631863951683, 282.768310546875, -346.8427551916102, 138.51855265628546, 282.7683410644531, -346.82771788339596, 138.509716196917, 282.76837158203125, -346.8133336052997, 138.49985231552273, 282.7683410644531, -346.79967243690044, 138.4890090636909, 282.7682800292969, -346.78680093283765, 138.47723927162588, 282.7681884765625, -346.7747818023199, 138.46460027899593, 282.76806640625, -346.76367360085715, 138.45115366205573, 282.7679138183594, -346.7535304479534, 138.4369649309665, 282.7677307128906, -346.7444017579546, 138.42210321407765, 282.76751708984375, -346.736332007451, 138.40664091333747, 282.76727294921875, -346.7293605088489, 138.3906533624977, 282.7669982910156, -346.7235212275991, 138.37421844620258, 282.7666931152344, -346.71884261327796, 138.35741623863578, 282.766357421875, -346.7153474575607, 138.34032859746367, 282.7659912109375, -346.71305279026274, 138.32303876895458, 282.765625, -346.7119697900489, 138.30563099123538, 282.76519775390625]]}, "mtl": 0}, {"geom": {"lines": [[718.8589994780486, -1389.275678023696, 340.858154296875, 610.3934335686499, -1289.879538409412, 339.1927490234375]]}, "mtl": 0}, {"geom": {"lines": [[610.3934335686499, -1289.879538409412, 339.1927490234375, 553.5702595773619, -1234.8325878409669, 338.4585266113281]]}, "mtl": 0}, {"geom": {"lines": [[553.5702595773619, -1234.8325878409669, 338.4585266113281, 520.5516960192472, -1206.4846619665623, 338.0736999511719]]}, "mtl": 0}, {"geom": {"lines": [[520.5516960192472, -1206.4846619665623, 338.0736999511719, 428.32097567932215, -1179.669045756571, 337.170166015625]]}, "mtl": 0}, {"geom": {"lines": [[428.32097567932215, -1179.669045756571, 337.170166015625, 333.86698752630036, -1152.7240048991516, 336.3653564453125]]}, "mtl": 0}, {"geom": {"lines": [[333.86698752630036, -1152.7240048991516, 336.3653564453125, 291.7240007139044, -1140.7028925251216, 336.3405456542969]]}, "mtl": 0}, {"geom": {"lines": [[291.7240007139044, -1140.7028925251216, 336.3405456542969, 141.3750248705037, -1130.6182616986334, 335.33990478515625]]}, "mtl": 0}, {"geom": {"lines": [[141.3750248705037, -1130.6182616986334, 335.33990478515625, 111.39234769018367, -1134.4443543618545, 334.8899841308594]]}, "mtl": 0}, {"geom": {"lines": [[111.39234769018367, -1134.4443543618545, 334.8899841308594, 73.08932336373255, -1099.3011024203151, 333.88006591796875]]}, "mtl": 0}, {"geom": {"lines": [[73.08932336373255, -1099.3011024203151, 333.88006591796875, 19.68213491665665, -1042.2814736729488, 332.5929870605469]]}, "mtl": 0}, {"geom": {"lines": [[19.68213491665665, -1042.2814736729488, 332.5929870605469, -13.111697134678252, -991.3398721003905, 331.787353515625]]}, "mtl": 0}, {"geom": {"lines": [[-13.111697134678252, -991.3398721003905, 331.787353515625, -63.77589027432259, -992.4594737598673, 331.1072692871094]]}, "mtl": 0}, {"geom": {"lines": [[-63.77589027432259, -992.4594737598673, 331.1072692871094, -70.24682806956116, -1002.3146590404212, 331.1380920410156]]}, "mtl": 0}, {"geom": {"lines": [[-70.24682806956116, -1002.3146590404212, 331.1380920410156, -9.03667309845332, -1073.0603298712522, 332.3705749511719]]},