{"type": "block", "layer": 1, "block": 130, "features": [{"geom": {"lines": [[413.5649539284641, 715.5833115614951, 285.1964416503906, 409.368346005911, 716.2089379550889, 284.7496032714844]]}, "mtl": 0}, {"geom": {"lines": [[412.7683414022904, 744.6486132228747, 286.2410583496094, 412.76831729896367, 744.6454738490283, 286.2406005859375, 412.76807426300365, 744.6423438033089, 286.2401123046875, 412.76761347800493, 744.6392383351922, 286.23956298828125, 412.76693718868773, 744.6361725768074, 286.239013671875, 412.76604869007133, 744.6331614619121, 286.23846435546875, 412.76495231105946, 744.6302196579054, 286.23785400390625, 412.7636533934856, 744.6273615015671, 286.2372741699219, 412.7621582649881, 744.6246009143069, 286.23663330078125, 412.76047420920804, 744.6219513481483, 286.23602294921875, 412.7586094317958, 744.619425708428, 286.2353820800781, 412.7565730167553, 744.6170363016427, 286.2347412109375, 412.7543748859316, 744.6147947674617, 286.2341003417969, 412.7520257481374, 744.6127120293677, 286.2334289550781, 412.7495370483957, 744.6107982322574, 286.2328796386719, 412.7469209114788, 744.6090627005324, 286.2326965332031, 412.7441900826525, 744.6075138850138, 286.2325439453125, 412.7413578660926, 744.6061593377963, 286.232421875, 412.738438059343, 744.6050056582317, 286.2323303222656, 412.7354448896367, 744.6040584603325, 286.2322998046875, 412.7323929370614, 744.6033223643899, 286.2322692871094, 412.72929707181174, 744.6028009550646, 286.2322692871094, 412.72617237619124, 744.6024967730045, 286.2323303222656, 412.72303407394793, 744.6024112990126, 286.232421875, 412.7198974536732, 744.60254494939, 286.2325134277344, 412.7167777970899, 744.6028970750049, 286.232666015625, 412.7136903023347, 744.6034659575671, 286.23284912109375, 412.7106500129448, 744.6042488301173, 286.2330627441406, 412.7076717389282, 744.6052418714389, 286.2332763671875, 412.70476999133825, 744.6064402507618, 286.2335510253906, 412.7019589074189, 744.6078381277621, 286.2338562011719, 412.6992521820357, 744.6094286870211, 286.2341613769531, 412.6966630015522, 744.6112041864544, 286.2345275878906, 412.6942039806163, 744.6131559694186, 286.2348937988281, 412.69188709941227, 744.6152745336294, 286.2352600097656, 412.6897236452205, 744.6175495544448, 286.2356872558594, 412.68772415909916, 744.6199699481949, 286.2361145019531, 412.68589838105254, 744.6225239224732, 286.2365417480469, 412.6842552074231, 744.6251990348101, 286.23699951171875, 412.68280264292844, 744.6279822522774, 286.2374572753906, 412.681547763641, 744.6308600166813, 286.2379455566406, 412.68049668415915, 744.6338183078915, 286.2384338378906, 412.6796545245452, 744.6368427118286, 286.2388916015625, 412.67902538902126, 744.6399184940383, 286.2393798828125, 412.67861234152224, 744.6430306695402, 286.2398681640625, 412.6784173945198, 744.6461640782654, 286.2403564453125, 412.6784414977301, 744.6493034521118, 286.2408142089844, 412.67868453403935, 744.6524334959686, 286.2413024902344, 412.67914531880524, 744.655538963154, 286.24176025390625, 412.67982160812244, 744.65860472247, 286.2421875, 412.6807101066224, 744.661615839228, 286.24261474609375, 412.6818064857507, 744.6645576423034, 286.2430419921875, 412.6831054035574, 744.6674157986417, 286.2434387207031, 412.68460053182207, 744.6701763859019, 286.2438049316406, 412.68628458760213, 744.6728259520605, 286.244140625, 412.6881493650144, 744.6753515908495, 286.2444763183594, 412.6901857800549, 744.6777410004288, 286.2447814941406, 412.69238391076215, 744.6799825308844, 286.2450256347656, 412.6947330486728, 744.6820652717724, 286.2452697753906, 412.69722174829803, 744.6839790688828, 286.2454833984375, 412.6998378854478, 744.6857146015391, 286.24566650390625, 412.70256871404126, 744.6872634142637, 286.2458190917969, 412.705400930834, 744.6886179605499, 286.2459411621094, 412.70832073758356, 744.6897716429085, 286.24603271484375, 412.7113139072899, 744.6907188398764, 286.2460632324219, 412.7143658597488, 744.6914549348876, 286.24609375, 412.71746172523126, 744.6919763432816, 286.2460632324219, 412.72058642073534, 744.6922805272043, 286.2460021972656, 412.72372472297866, 744.6923660011962, 286.2459411621094, 412.7268613430206, 744.6922323489562, 286.2458190917969, 412.7299809998367, 744.6918802242726, 286.24566650390625, 412.73306849435903, 744.6913113417104, 286.2454833984375, 412.7361087836325, 744.6905284700915, 286.2452697753906, 412.739087057882, 744.6895354269072, 286.2450256347656, 412.7419888053555, 744.6883370485157, 286.2447509765625, 412.7447998892749, 744.686939173378, 286.24444580078125, 412.7475066150073, 744.685348611325, 286.244140625, 412.75009579514153, 744.683573115617, 286.2438049316406, 412.7525548163103, 744.6816213307902, 286.24383544921875, 412.7548716972815, 744.6795027675107, 286.24383544921875, 412.75703515147325, 744.677227745764, 286.2437744140625, 412.7590346375946, 744.6748073510826, 286.2436828613281, 412.7608604156412, 744.6722533777356, 286.2435607910156, 412.76250358938705, 744.6695782653987, 286.2433776855469, 412.76395615388174, 744.6667950479314, 286.2431640625, 412.7652110331692, 744.6639172825962, 286.242919921875, 412.76626211276744, 744.660958991386, 286.24261474609375, 412.7671042721486, 744.6579345883802, 286.2422790527344, 412.7677334076725, 744.6548588071018, 286.2419128417969, 412.76814645528793, 744.6517466297373, 286.24151611328125, 412.7683414022904, 744.6486132228747, 286.2410583496094]]},