{"type": "block", "layer": 1, "block": 547, "features": [{"geom": {"lines": [[451.9123109700158, 566.6631851168349, 281.0416564941406, 451.9122868650593, 566.6600457411259, 281.0408935546875, 451.9120438268874, 566.6569156963378, 281.04010009765625, 451.91158304025885, 566.6538102300838, 281.0393371582031, 451.91090674872976, 566.650744468905, 281.0385437011719, 451.9100182481343, 566.6477333540097, 281.03778076171875, 451.9089218672598, 566.6447915490717, 281.0369873046875, 451.9076229475904, 566.641933394596, 281.0362548828125, 451.9061278172303, 566.6391728091985, 281.0354919433594, 451.9044437595876, 566.6365232439712, 281.0347595214844, 451.9025789805455, 566.6339976033196, 281.0340576171875, 451.9005425636424, 566.6316081974655, 281.03338623046875, 451.8983444314217, 566.6293666651472, 281.0327453613281, 451.89599529188126, 566.6272839270532, 281.0321350097656, 451.8935065906262, 566.6253701318055, 281.03155517578125, 451.8908904521959, 566.6236346000805, 281.031005859375, 451.8881596222054, 566.6220857892185, 281.0304870605469, 451.88532740448136, 566.6207312429324, 281.030029296875, 451.88240759656765, 566.6195775624365, 281.0296325683594, 451.8794144260464, 566.6186303682625, 281.02923583984375, 451.87636247253977, 566.6178942741826, 281.0289306640625, 451.8732666064752, 566.61737286672, 281.0286560058594, 451.8701419105055, 566.6170686846599, 281.0284423828125, 451.8670036077965, 566.6169832143933, 281.0282897949219, 451.8638669870561, 566.6171168666333, 281.0281677246094, 451.86074733000714, 566.6174689950421, 281.0281066894531, 451.8576598356012, 566.6180378785357, 281.0281066894531, 451.8546195462113, 566.6188207520172, 281.0281677246094, 451.8516412721947, 566.6198137970641, 281.0282897949219, 451.84873952518683, 566.6210121782497, 281.0284423828125, 451.84592844184954, 566.6224100543186, 281.0286560058594, 451.843221716932, 566.624000617303, 281.0289306640625, 451.8406325370306, 566.6257761176676, 281.0292663574219, 451.83817351725884, 566.6277279024944, 281.0296325683594, 451.8358566368697, 566.6298464685678, 281.0300598144531, 451.83369318395853, 566.6321214912459, 281.030517578125, 451.8316936988849, 566.6345418868586, 281.0310363769531, 451.8298679223517, 566.6370958620682, 281.0315856933594, 451.82822475000285, 566.6397709753364, 281.03216552734375, 451.826772187138, 566.6425541946664, 281.0328063964844, 451.8255173092475, 566.6454319609329, 281.033447265625, 451.8244662315119, 566.6483902512118, 281.0341491699219, 451.8236240737606, 566.6514146570116, 281.03485107421875, 451.8229949399829, 566.6544904401526, 281.03558349609375, 451.8225818942301, 566.6576026165858, 281.0363464355469, 451.8223869492067, 566.660736025311, 281.037109375, 451.82241105427966, 566.6638754000887, 281.0378723144531, 451.82265409233514, 566.6670054439455, 281.0386657714844, 451.8231148791965, 566.6701109129936, 281.0394592285156, 451.82379117049277, 566.6731766723096, 281.0402526855469, 451.8246796708554, 566.676187787205, 281.0410461425781, 451.82577605207916, 566.6791295912117, 281.04180908203125, 451.8270749715157, 566.6819877456874, 281.0425720214844, 451.8285701018758, 566.6847483329475, 281.0433349609375, 451.83025415963493, 566.6873979000375, 281.0440673828125, 451.8321189387934, 566.6899235378951, 281.0447692871094, 451.83415535558015, 566.6923129446805, 281.0454406738281, 451.8363534878008, 566.6945544751361, 281.04608154296875, 451.83870262734126, 566.6966372132301, 281.04669189453125, 451.8411913285963, 566.6985510094091, 281.0472717285156, 451.84380746702664, 566.7002865402028, 281.0478210449219, 451.8465382971335, 566.7018353538588, 281.0483093261719, 451.8493705148576, 566.703189897351, 281.04876708984375, 451.85229032253847, 566.7043435778469, 281.0491943359375, 451.85528349340893, 566.7052907729521, 281.049560546875, 451.8583354467992, 566.706026867032, 281.04986572265625, 451.8614313128637, 566.7065482735634, 281.05010986328125, 451.86455600883346, 566.7068524546921, 281.0503234863281, 451.86769431154244, 566.7069379277527, 281.05047607421875, 451.8708309321664, 566.70680427365, 281.05059814453125, 451.87395058909897, 566.7064521480352, 281.0506286621094, 451.8770380836213, 566.7058832617477, 281.0506286621094, 451.8800783730112, 566.7051003891975, 281.0505676269531, 451.88305664702784, 566.7041073432192, 281.0504455566406, 451.8859583940357, 566.702908962965, 281.0502624511719, 451.8887694776058, 566.7015110859647, 281.050048828125, 451.89147620252334, 566.6999205220491, 281.0497741699219, 451.8940653820755, 566.6981450235471, 281.0494384765625, 451.8965244021965, 566.696193237789, 281.049072265625, 451.8988412823528, 566.6940746726468, 281.04864501953125, 451.901004735264, 566.6917996490374, 281.0481872558594, 451.903004220454, 566.689379254356, 281.04766845703125, 451.90482999710366, 566.6868252800778, 281.047119140625, 451.9064731694525, 566.6841501649469, 281.0465393066406, 451.90792573208455, 566.6813669465482, 281.0459289550781, 451.909180609975, 566.6784891802818, 281.0452880859375, 451.91023168782704, 566.6755308900028, 281.0445861816406, 451.91107384557836, 566.672506484203, 281.04388427734375, 451.91170297923964, 566.6694307001308, 281.04315185546875, 451.91211602510884, 566.6663185246289, 281.04241943359375, 451.9123109700158, 566.6631851168349, 281.0416564941406]]},