{"type": "block", "layer": 2, "block": 130, "features": [{"geom": {"lines": [[413.5649539284641, 715.5833115614951, 286.6964416503906, 409.368346005911, 716.2089379550889, 286.2496032714844]]}, "mtl": 0}, {"geom": {"lines": [[412.7683414022904, 744.6486132228747, 287.7410583496094, 412.76831729896367, 744.6454738490283, 287.7406005859375, 412.76807426300365, 744.6423438033089, 287.7401123046875, 412.76761347800493, 744.6392383351922, 287.73956298828125, 412.76693718868773, 744.6361725768074, 287.739013671875, 412.76604869007133, 744.6331614619121, 287.73846435546875, 412.76495231105946, 744.6302196579054, 287.73785400390625, 412.7636533934856, 744.6273615015671, 287.7372741699219, 412.7621582649881, 744.6246009143069, 287.73663330078125, 412.76047420920804, 744.6219513481483, 287.73602294921875, 412.7586094317958, 744.619425708428, 287.7353820800781, 412.7565730167553, 744.6170363016427, 287.7347412109375, 412.7543748859316, 744.6147947674617, 287.7341003417969, 412.7520257481374, 744.6127120293677, 287.7334289550781, 412.7495370483957, 744.6107982322574, 287.7328796386719, 412.7469209114788, 744.6090627005324, 287.7326965332031, 412.7441900826525, 744.6075138850138, 287.7325439453125, 412.7413578660926, 744.6061593377963, 287.732421875, 412.738438059343, 744.6050056582317, 287.7323303222656, 412.7354448896367, 744.6040584603325, 287.7322998046875, 412.7323929370614, 744.6033223643899, 287.7322692871094, 412.72929707181174, 744.6028009550646, 287.7322692871094, 412.72617237619124, 744.6024967730045, 287.7323303222656, 412.72303407394793, 744.6024112990126, 287.732421875, 412.7198974536732, 744.60254494939, 287.7325134277344, 412.7167777970899, 744.6028970750049, 287.732666015625, 412.7136903023347, 744.6034659575671, 287.73284912109375, 412.7106500129448, 744.6042488301173, 287.7330627441406, 412.7076717389282, 744.6052418714389, 287.7332763671875, 412.70476999133825, 744.6064402507618, 287.7335510253906, 412.7019589074189, 744.6078381277621, 287.7338562011719, 412.6992521820357, 744.6094286870211, 287.7341613769531, 412.6966630015522, 744.6112041864544, 287.7345275878906, 412.6942039806163, 744.6131559694186, 287.7348937988281, 412.69188709941227, 744.6152745336294, 287.7352600097656, 412.6897236452205, 744.6175495544448, 287.7356872558594, 412.68772415909916, 744.6199699481949, 287.7361145019531, 412.68589838105254, 744.6225239224732, 287.7365417480469, 412.6842552074231, 744.6251990348101, 287.73699951171875, 412.68280264292844, 744.6279822522774, 287.7374572753906, 412.681547763641, 744.6308600166813, 287.7379455566406, 412.68049668415915, 744.6338183078915, 287.7384338378906, 412.6796545245452, 744.6368427118286, 287.7388916015625, 412.67902538902126, 744.6399184940383, 287.7393798828125, 412.67861234152224, 744.6430306695402, 287.7398681640625, 412.6784173945198, 744.6461640782654, 287.7403564453125, 412.6784414977301, 744.6493034521118, 287.7408142089844, 412.67868453403935, 744.6524334959686, 287.7413024902344, 412.67914531880524, 744.655538963154, 287.74176025390625, 412.67982160812244, 744.65860472247, 287.7421875, 412.6807101066224, 744.661615839228, 287.74261474609375, 412.6818064857507, 744.6645576423034, 287.7430419921875, 412.6831054035574, 744.6674157986417, 287.7434387207031, 412.68460053182207, 744.6701763859019, 287.7438049316406, 412.68628458760213, 744.6728259520605, 287.744140625, 412.6881493650144, 744.6753515908495, 287.7444763183594, 412.6901857800549, 744.6777410004288, 287.7447814941406, 412.69238391076215, 744.6799825308844, 287.7450256347656, 412.6947330486728, 744.6820652717724, 287.7452697753906, 412.69722174829803, 744.6839790688828, 287.7454833984375, 412.6998378854478, 744.6857146015391, 287.74566650390625, 412.70256871404126, 744.6872634142637, 287.7458190917969, 412.705400930834, 744.6886179605499, 287.7459411621094, 412.70832073758356, 744.6897716429085, 287.74603271484375, 412.7113139072899, 744.6907188398764, 287.7460632324219, 412.7143658597488, 744.6914549348876, 287.74609375, 412.71746172523126, 744.6919763432816, 287.7460632324219, 412.72058642073534, 744.6922805272043, 287.7460021972656, 412.72372472297866, 744.6923660011962, 287.7459411621094, 412.7268613430206, 744.6922323489562, 287.7458190917969, 412.7299809998367, 744.6918802242726, 287.74566650390625, 412.73306849435903, 744.6913113417104, 287.7454833984375, 412.7361087836325, 744.6905284700915, 287.7452697753906, 412.739087057882, 744.6895354269072, 287.7450256347656, 412.7419888053555, 744.6883370485157, 287.7447509765625, 412.7447998892749, 744.686939173378, 287.74444580078125, 412.7475066150073, 744.685348611325, 287.744140625, 412.75009579514153, 744.683573115617, 287.7438049316406, 412.7525548163103, 744.6816213307902, 287.74383544921875, 412.7548716972815, 744.6795027675107, 287.74383544921875, 412.75703515147325, 744.677227745764, 287.7437744140625, 412.7590346375946, 744.6748073510826, 287.7436828613281, 412.7608604156412, 744.6722533777356, 287.7435607910156, 412.76250358938705, 744.6695782653987, 287.7433776855469, 412.76395615388174, 744.6667950479314, 287.7431640625, 412.7652110331692, 744.6639172825962, 287.742919921875, 412.76626211276744, 744.660958991386, 287.74261474609375, 412.7671042721486, 744.6579345883802, 287.7422790527344, 412.7677334076725, 744.6548588071018, 287.7419128417969, 412.76814645528793, 744.6517466297373, 287.74151611328125, 412.7683414022904, 744.6486132228747, 287.7410583496094]]},