{"type": "block", "layer": 2, "block": 547, "features": [{"geom": {"lines": [[451.9123109700158, 566.6631851168349, 282.5416564941406, 451.9122868650593, 566.6600457411259, 282.5408935546875, 451.9120438268874, 566.6569156963378, 282.54010009765625, 451.91158304025885, 566.6538102300838, 282.5393371582031, 451.91090674872976, 566.650744468905, 282.5385437011719, 451.9100182481343, 566.6477333540097, 282.53778076171875, 451.9089218672598, 566.6447915490717, 282.5369873046875, 451.9076229475904, 566.641933394596, 282.5362548828125, 451.9061278172303, 566.6391728091985, 282.5354919433594, 451.9044437595876, 566.6365232439712, 282.5347595214844, 451.9025789805455, 566.6339976033196, 282.5340576171875, 451.9005425636424, 566.6316081974655, 282.53338623046875, 451.8983444314217, 566.6293666651472, 282.5327453613281, 451.89599529188126, 566.6272839270532, 282.5321350097656, 451.8935065906262, 566.6253701318055, 282.53155517578125, 451.8908904521959, 566.6236346000805, 282.531005859375, 451.8881596222054, 566.6220857892185, 282.5304870605469, 451.88532740448136, 566.6207312429324, 282.530029296875, 451.88240759656765, 566.6195775624365, 282.5296325683594, 451.8794144260464, 566.6186303682625, 282.52923583984375, 451.87636247253977, 566.6178942741826, 282.5289306640625, 451.8732666064752, 566.61737286672, 282.5286560058594, 451.8701419105055, 566.6170686846599, 282.5284423828125, 451.8670036077965, 566.6169832143933, 282.5282897949219, 451.8638669870561, 566.6171168666333, 282.5281677246094, 451.86074733000714, 566.6174689950421, 282.5281066894531, 451.8576598356012, 566.6180378785357, 282.5281066894531, 451.8546195462113, 566.6188207520172, 282.5281677246094, 451.8516412721947, 566.6198137970641, 282.5282897949219, 451.84873952518683, 566.6210121782497, 282.5284423828125, 451.84592844184954, 566.6224100543186, 282.5286560058594, 451.843221716932, 566.624000617303, 282.5289306640625, 451.8406325370306, 566.6257761176676, 282.5292663574219, 451.83817351725884, 566.6277279024944, 282.5296325683594, 451.8358566368697, 566.6298464685678, 282.5300598144531, 451.83369318395853, 566.6321214912459, 282.530517578125, 451.8316936988849, 566.6345418868586, 282.5310363769531, 451.8298679223517, 566.6370958620682, 282.5315856933594, 451.82822475000285, 566.6397709753364, 282.53216552734375, 451.826772187138, 566.6425541946664, 282.5328063964844, 451.8255173092475, 566.6454319609329, 282.533447265625, 451.8244662315119, 566.6483902512118, 282.5341491699219, 451.8236240737606, 566.6514146570116, 282.53485107421875, 451.8229949399829, 566.6544904401526, 282.53558349609375, 451.8225818942301, 566.6576026165858, 282.5363464355469, 451.8223869492067, 566.660736025311, 282.537109375, 451.82241105427966, 566.6638754000887, 282.5378723144531, 451.82265409233514, 566.6670054439455, 282.5386657714844, 451.8231148791965, 566.6701109129936, 282.5394592285156, 451.82379117049277, 566.6731766723096, 282.5402526855469, 451.8246796708554, 566.676187787205, 282.5410461425781, 451.82577605207916, 566.6791295912117, 282.54180908203125, 451.8270749715157, 566.6819877456874, 282.5425720214844, 451.8285701018758, 566.6847483329475, 282.5433349609375, 451.83025415963493, 566.6873979000375, 282.5440673828125, 451.8321189387934, 566.6899235378951, 282.5447692871094, 451.83415535558015, 566.6923129446805, 282.5454406738281, 451.8363534878008, 566.6945544751361, 282.54608154296875, 451.83870262734126, 566.6966372132301, 282.54669189453125, 451.8411913285963, 566.6985510094091, 282.5472717285156, 451.84380746702664, 566.7002865402028, 282.5478210449219, 451.8465382971335, 566.7018353538588, 282.5483093261719, 451.8493705148576, 566.703189897351, 282.54876708984375, 451.85229032253847, 566.7043435778469, 282.5491943359375, 451.85528349340893, 566.7052907729521, 282.549560546875, 451.8583354467992, 566.706026867032, 282.54986572265625, 451.8614313128637, 566.7065482735634, 282.55010986328125, 451.86455600883346, 566.7068524546921, 282.5503234863281, 451.86769431154244, 566.7069379277527, 282.55047607421875, 451.8708309321664, 566.70680427365, 282.55059814453125, 451.87395058909897, 566.7064521480352, 282.5506286621094, 451.8770380836213, 566.7058832617477, 282.5506286621094, 451.8800783730112, 566.7051003891975, 282.5505676269531, 451.88305664702784, 566.7041073432192, 282.5504455566406, 451.8859583940357, 566.702908962965, 282.5502624511719, 451.8887694776058, 566.7015110859647, 282.550048828125, 451.89147620252334, 566.6999205220491, 282.5497741699219, 451.8940653820755, 566.6981450235471, 282.5494384765625, 451.8965244021965, 566.696193237789, 282.549072265625, 451.8988412823528, 566.6940746726468, 282.54864501953125, 451.901004735264, 566.6917996490374, 282.5481872558594, 451.903004220454, 566.689379254356, 282.54766845703125, 451.90482999710366, 566.6868252800778, 282.547119140625, 451.9064731694525, 566.6841501649469, 282.5465393066406, 451.90792573208455, 566.6813669465482, 282.5459289550781, 451.909180609975, 566.6784891802818, 282.5452880859375, 451.91023168782704, 566.6755308900028, 282.5445861816406, 451.91107384557836, 566.672506484203, 282.54388427734375, 451.91170297923964, 566.6694307001308, 282.54315185546875, 451.91211602510884, 566.6663185246289, 282.54241943359375, 451.9123109700158, 566.6631851168349, 282.5416564941406]]},