{"type": "block", "layer": 4, "block": 4, "features": [{"geom": {"triangles": {"v": [-817.8499999999767, 293.06291666667676, 292.4975891113268, -817.8499999999767, 286.88972533657216, 292.5371999083454, -813.9650092888623, 293.06291666667676, 292.2526196327383, -817.8499999999767, 299.87833333335584, 292.59487915038926, -811.0345833332976, 297.7193190747057, 292.12156896225736, -811.0345833332976, 299.87833333335584, 292.1651306152333, -817.8499999999767, 306.6937499999767, 292.63818359374835, -811.0345833332976, 303.4706431114464, 292.18206852460054, -815.2022774780635, 306.6937499999767, 292.46006106969173, -817.8499999999767, 327.14000000001397, 292.5985107421868, -817.8499999999767, 320.3245833333349, 292.62179565429597, -812.8955227623228, 320.3245833333349, 292.42592606740016, -811.0345833332976, 322.3337350390502, 292.25962231184457, -811.0345833332976, 327.14000000001397, 292.32907104492085, -817.8499999999767, 333.95541666669305, 292.61523437499915, -811.0345833332976, 333.95541666669305, 292.3969116210923, -817.8499999999767, 340.77083333331393, 292.58462524414, -811.0345833332976, 340.77083333331393, 292.3266906738272, -817.8499999999767, 347.586249999993, 292.5884399414053, -811.0345833332976, 347.586249999993, 292.248596191405, -817.8499999999767, 354.4016666666721, 292.41592407226494, -811.0345833332976, 354.4016666666721, 292.1318054199209, -817.8499999999767, 361.2170833333512, 292.37762451171795, -811.0345833332976, 361.2170833333512, 292.1890869140613, -817.8499999999767, 368.03249999997206, 292.45458984374864, -811.0345833332976, 368.03249999997206, 292.13262939453045, -817.8499999999767, 314.975512730889, 292.61425087505216, -817.8499999999767, 308.7413793131127, 292.63037183925377, -817.8499999999767, 375.54538954701275, 292.40163490343537, -817.8499999999767, 374.84791666665114, 292.444824218749, -816.9073040587828, 374.84791666665114, 292.40227095207734, -811.0345833332976, 370.5028640778619, 292.14340242123643, -809.6758452201029, 299.87833333335584, 292.12006599086016, -808.5999953564024, 301.58784245327115, 292.09244420307516, -811.0345833332976, 322.33373503910843, 292.2596223118454, -806.5828697335673, 327.14000000001397, 292.18441319944725, -804.2191666666185, 329.69195734726964, 292.1398415713716, -804.2191666666185, 333.95541666669305, 292.1754455566385, -804.2191666666185, 340.77083333331393, 292.12637329101375, -804.2191666666185, 347.586249999993, 291.9923400878889, -804.2191666666185, 354.4016666666721, 291.97824096679494, -804.2191666666185, 361.2170833333512, 291.99978637695136, -804.2191666666185, 365.460338608711, 291.9646361169891, -807.6956690110965, 368.03249999997206, 292.03988990324655, -800.7872332801344, 333.39722292963415, 291.9957766201945, -800.7269409267465, 333.95541666669305, 292.0426228827889, -799.990785210859, 340.77083333331393, 291.95243086261473, -799.7571067276876, 342.9342563627288, 291.90130865938283, -799.2540383829037, 347.586249999993, 291.8034973085921, -798.5170166565804, 354.4016666666721, 291.7501831272301, -797.8321519274032, 360.73477507103235, 291.7429842408614, -798.4840339634102, 361.2170833333512, 291.80982874667563, -838.296250000014, 299.87833333335584, 293.3872070312506, -841.1441186607117, 299.87833333335584, 293.4501664631549, -838.296250000014, 297.7713753762655, 293.3636871133624, -845.111666666693, 306.6937499999767, 293.71038818359466, -845.111666666693, 302.8136712429696, 293.65334955478085, -838.296250000014, 306.6937499999767, 293.43548583984403, -845.111666666693, 327.14000000001397, 293.82989501953216, -845.111666666693, 320.3245833333349, 293.6404418945327, -838.296250000014, 320.3245833333349, 293.5215148925787, -838.296250000014, 327.14000000001397, 293.46908569336, -845.111666666693, 333.95541666669305, 293.758270263673, -838.296250000014, 333.95541666669305, 293.49298095703176, -845.111666666693, 340.77083333331393, 293.7729187011729, -838.296250000014, 340.77083333331393, 293.48471069335994, -845.111666666693, 347.586249999993, 293.7439575195324, -838.296250000014, 347.586249999993, 293.4115600585944, -845.111666666693, 354.4016666666721, 293.7048950195321, -838.296250000014, 354.4016666666721, 293.3470153808599, -845.111666666693, 361.2170833333512, 293.56146240234443, -838.296250000014, 361.2170833333512, 293.25405883789114, -845.111666666693, 368.03249999997206, 293.46746826172, -838.296250000014, 368.03249999997206, 293.2322082519538, -845.111666666693, 313.5091666666558, 293.70687866211034, -838.296250000014, 313.5091666666558, 293.46646118164114, -845.111666666693, 383.7541566278669, 293.55899542649854, -845.111666666693, 381.66333333333023, 293.5543518066418, -838.296250000014, 381.66333333333023, 293.22509765625045, -838.296250000014, 388.4787500000093, 293.32089233398483, -840.9381582409842, 388.4787500000093, 293.41725743664426, -838.7217712933198, 390.98779658973217, 293.27757695739064, -838.296250000014, 390.6729659544071, 293.2548038044162, -845.111666666693, 374.84791666665114, 293.45004272461034, -838.296250000014, 374.84791666665114, 293.2180175781255, -831.4808333333349, 293.06291666667676, 293.0697937011721, -831.9289051860105, 293.06291666667676, 293.1310212406376, -831.4808333333349, 292.7316033419338, 293.0661768531776, -837.5376483937725, 297.2101340126246, 293.3359643338873, -831.4808333333349, 299.87833333335584, 293.19442749023443, -831.4808333333349, 306.6937499999767, 293.19198608398443, -831.4808333333349, 320.3245833333349, 293.27929687500006, -831.4808333333349, 327.14000000001397, 293.24752807617193, -831.4808333333349, 333.95541666669305, 293.24200439453114, -831.4808333333349, 340.77083333331393, 293.2034301757814, -831.4808333333349, 347.586249999993, 293.13296508789074, -831.4808333333349, 354.4016666666721, 293.0209655761719, -831.4808333333349, 361.2170833333512, 292.97821044921875, -831.4808333333349, 368.03249999997206, 292.9479064941408, -831.4808333333349, 313.5091666666558, 293.2874755859374, -831.4808333333349, 381.66333333333023, 292.89227294921886, -831.4808333333349, 385.63044048525626, 292.8942269479132, -835.3305741541553, 388.4787500000093, 293.08325805141, -831.4808333333349, 374.84791666665114, 293.01531982421864, -824.6654166666558, 287.69214741158066, 292.76757568595303, -824.6654166666558, 293.06291666667676, 292.88919067382767, -824.6654166666558, 299.87833333335584, 292.8895263671874, -824.6654166666558, 306.6937499999767, 293.04803466796756, -824.6654166666558, 320.3245833333349, 292.98699951171824, -824.6654166666558, 327.14000000001397, 292.9335937499995, -824.6654166666558, 333.95541666669305, 292.92938232421835, -824.6654166666558, 340.77083333331393, 292.9464416503901, -824.6654166666558, 347.586249999993, 292.8556213378903, -824.6654166666558, 354.4016666666721, 292.7269592285151, -824.6654166666558, 361.2170833333512, 292.6501770019529, -824.6654166666558, 368.03249999997206, 292.7271423339836, -824.6654166666558, 313.5091666666558, 292.9781188964839, -826.118939106469, 381.66333333333023, 292.7149500998462, -824.6654166666558, 374.84791666665114, 292.73593139648386, -824.6654166666558, 380.5879150161054, 292.6680777256795, -818.2541733576218, 286.2474999999977, 292.55663333352317, -822.7116593201645, 286.2474999999977, 292.7255098773648, -819.6697152166162, 283.99822545051575, 292.5924056108711, -819.2081757911947, 313.5091666666558, 292.69385771266946, -821.2143484349363, 311.34321482200176, 292.822763826444, -824.6654166666558, 380.5879150161636, 292.6680777256788, -886.0041666666511, 333.95541666669305, 295.36544799804625, -887.2043911716901, 333.95541666669305, 295.54196989946803, -886.0041666666511, 333.06744644319406, 295.36873224724866, -886.0041666666511, 337.4343234781991, 295.40756981882237, -888.3358192539308, 334.79248876683414, 295.5970270580341, -886.0041666666511, 333.06744644313585, 295.3687322472489, -879.1887499999721, 328.02515057643177, 295.12353119278583, -879.1887499999721, 333.95541666669305, 295.12350463867074, -879.1887499999721, 340.77083333331393, 295.1316528320301,