{"type": "block", "layer": 1, "block": 83, "features": [{"geom": {"lines": [[-443.712103954982, 117.26003905659309, 283.404052734375, -407.1051122029312, 151.37347054848215, 282.7604675292969]]}, "mtl": 0}, {"geom": {"lines": [[-407.1051122029312, 151.37347054848215, 282.7604675292969, -376.30974889802746, 180.42915625305614, 282.4200744628906]]}, "mtl": 0}, {"geom": {"lines": [[-406.8553239313187, 151.38027319585672, 282.76519775390625, -406.8554578741314, 151.36283227609238, 282.7647705078125, -406.85680810769554, 151.3454431844293, 282.7643127441406, -406.8593680545455, 151.32819063955685, 282.76385498046875, -406.86312524124514, 151.31115869333735, 282.76336669921875, -406.8680613649776, 151.2944303266122, 282.7628479003906, -406.8741523765493, 151.27808703383198, 282.7623291015625, -406.8813686000649, 151.2622084384202, 282.76177978515625, -406.88967488112394, 151.2468719034805, 282.7612609863281, -406.8990307501517, 151.23215214529773, 282.76068115234375, -406.90939062822144, 151.21812087198487, 282.7601318359375, -406.9207040417241, 151.20484645100078, 282.75958251953125, -406.9329158733599, 151.19239354593446, 282.7594909667969, -406.9459666275652, 151.18082283152035, 282.75970458984375, -406.9597927237628, 151.1701906779199, 282.7598876953125, -406.97432680160273, 151.16054888250073, 282.760009765625, -406.9894980525132, 151.15194442117354, 282.76007080078125, -407.00523256429005, 151.14441921183607, 282.7601013183594, -407.02145367953926, 151.13800991879543, 282.76007080078125, -407.03808237134945, 151.13274776557228, 282.7599792480469, -407.05503762466833, 151.12865838961443, 282.75982666015625, -407.07223683665507, 151.1257617137744, 282.7596435546875, -407.0895962147042, 151.1240718513145, 282.7593994140625, -407.1070311841322, 151.12359703233233, 282.75909423828125, -407.1244568055263, 151.1243395730271, 282.75872802734375, -407.14178818115033, 151.12629585334798, 282.7583312988281, -407.15894087485503, 151.12945634586504, 282.75787353515625, -407.1758313217433, 151.13380565302214, 282.7573547363281, -407.1923772316659, 151.1393225788488, 282.7568054199219, -407.20849799516145, 151.14598025282612, 282.75616455078125, -407.2241150730988, 151.1537462360575, 282.7555236816406, -407.2391523811966, 151.16258269449463, 282.75482177734375, -407.2535366592929, 151.1724465758889, 282.75408935546875, -407.2671978275757, 151.1832898267894, 282.7532958984375, -407.2800693316385, 151.19505961978575, 282.7524719238281, -407.2920884623891, 151.2076986124157, 282.75225830078125, -407.30319666373543, 151.22114523028722, 282.75244140625, -407.3133398165228, 151.2353339595138, 282.7526550292969, -407.32246850652155, 151.25019567547133, 282.7528991699219, -407.3305382571416, 151.26565797900548, 282.7532043457031, -407.33750975562725, 151.28164552984526, 282.7535400390625, -407.3433490367606, 151.29808044427773, 282.75390625, -407.3480276510818, 151.31488265370717, 282.7543029785156, -407.35152280679904, 151.33197029394796, 282.7547607421875, -407.35381747421343, 151.34926012245705, 282.7552185058594, -407.35490047431085, 151.36666790017625, 282.7557067871094, -407.3547665316146, 151.3841088199406, 282.7562255859375, -407.353416297934, 151.40149791160366, 282.75677490234375, -407.35085635085125, 151.41875045647612, 282.75732421875, -407.3470991643844, 151.4357824017643, 282.7579040527344, -407.34216304065194, 151.45251076942077, 282.75848388671875, -407.3360720293131, 151.4688540631323, 282.7590637207031, -407.3288558057975, 151.48473265668144, 282.7596435546875, -407.32054952462204, 151.50006919255247, 282.76025390625, -407.31119365559425, 151.51478895259788, 282.7608337402344, -407.3008337774081, 151.52882022218546, 282.76141357421875, -407.28952036390547, 151.5420946450322, 282.7619934082031, -407.2773085325025, 151.5545475500985, 282.7625427246094, -407.2642577782972, 151.56611826264998, 282.7630920410156, -407.2504316820996, 151.57675041718176, 282.7636413574219, -407.2358976043761, 151.5863922126009, 282.7641296386719, -407.220726353582, 151.59499667579075, 282.7646179199219, -407.20499184180517, 151.6025218841969, 282.7651062011719, -407.18877072655596, 151.60893117816886, 282.7655334472656, -407.1721420348622, 151.61419333139202, 282.76593017578125, -407.1551867815433, 151.61828270641854, 282.7663269042969, -407.13798756944016, 151.62117938318988, 282.76666259765625, -407.1206281912746, 151.62286924564978, 282.7669982910156, -407.103193221963, 151.62334406276932, 282.76727294921875, -407.08576760068536, 151.62260152300587, 282.7675476074219, -407.0684362249449, 151.62064524175366, 282.76776123046875, -407.0512835312402, 151.61748475109925, 282.7679443359375, -407.0343930843519, 151.61313544673612, 282.7680969238281, -407.01784717442933, 151.6076185181155, 282.7682189941406, -407.0017264110502, 151.60096084413817, 282.768310546875, -406.98610933288, 151.5931948609068, 282.7683410644531, -406.9710720246658, 151.58435840153834, 282.76837158203125, -406.9566877465695, 151.57449452014407, 282.7683410644531, -406.94302657817025, 151.56365126831224, 282.7682800292969, -406.93015507410746, 151.55188147624722, 282.7681884765625, -406.91813594358973, 151.53924248361727, 282.76806640625, -406.90702774212696, 151.52579586667707, 282.7679138183594, -406.8968845892232, 151.51160713558784, 282.7677307128906, -406.88775589922443, 151.496745418699, 282.76751708984375, -406.8796861487208, 151.4812831179588, 282.76727294921875, -406.8727146501187, 151.46529556711903, 282.7669982910156, -406.86687536886893, 151.44886065082392, 282.7666931152344, -406.86219675454777, 151.43205844325712, 282.766357421875, -406.8587015988305, 151.414970802085, 282.7659912109375, -406.85640693153255, 151.39768097357592, 282.765625, -406.8553239313187, 151.38027319585672, 282.76519775390625]]}, "mtl": 0}, {"geom": {"lines": [[658.7156453367788, -1376.2010358190746, 340.858154296875, 550.2500794273801, -1276.8048962047906, 339.1927490234375]]}, "mtl": 0}, {"geom": {"lines": [[550.2500794273801, -1276.8048962047906, 339.1927490234375, 493.42690543609206, -1221.7579456363455, 338.4585266113281]]}, "mtl": 0}, {"geom": {"lines": [[493.42690543609206, -1221.7579456363455, 338.4585266113281, 460.40834187797736, -1193.410019761941, 338.0736999511719]]}, "mtl": 0}, {"geom": {"lines": [[460.40834187797736, -1193.410019761941, 338.0736999511719, 368.17762153805234, -1166.5944035519497, 337.170166015625]]}, "mtl": 0}, {"geom": {"lines": [[368.17762153805234, -1166.5944035519497, 337.170166015625, 273.72363338503055, -1139.6493626945303, 336.3653564453125]]}, "mtl": 0}, {"geom": {"lines": [[273.72363338503055, -1139.6493626945303, 336.3653564453125, 231.58064657263458, -1127.6282503205002, 336.3405456542969]]}, "mtl": 0}, {"geom": {"lines": [[231.58064657263458, -1127.6282503205002, 336.3405456542969, 81.23167072923388, -1117.543619494012, 335.33990478515625]]}, "mtl": 0}, {"geom": {"lines": [[81.23167072923388, -1117.543619494012, 335.33990478515625, 51.24899354891386, -1121.3697121572332, 334.8899841308594]]}, "mtl": 0}, {"geom": {"lines": [[51.24899354891386, -1121.3697121572332, 334.8899841308594, 12.945969222462736, -1086.2264602156938, 333.88006591796875]]}, "mtl": 0}, {"geom": {"lines": [[12.945969222462736, -1086.2264602156938, 333.88006591796875, -40.46121922461316, -1029.2068314683274, 332.5929870605469]]}, "mtl": 0}, {"geom": {"lines": [[-40.46121922461316, -1029.2068314683274, 332.5929870605469, -73.25505127594806, -978.2652298957692, 331.787353515625]]}, "mtl": 0}, {"geom": {"lines": [[-73.25505127594806, -978.2652298957692, 331.787353515625, -123.9192444155924, -979.3848315552459, 331.1072692871094]]}, "mtl": 0}, {"geom": {"lines": [[-123.9192444155924, -979.3848315552459, 331.1072692871094, -130.39018221083097, -989.2400168357999, 331.1380920410156]]}, "mtl": 0}, {"geom": {"lines": [[-130.39018221083097, -989.2400168357999, 331.1380920410156, -69.18002723972313, -1059.9856876666308, 332.3705749511719]]},