{"type": "block", "layer": 1, "block": 83, "features": [{"geom": {"lines": [[-420.74358735070564, 92.54620971891563, 283.404052734375, -384.1365955986548, 126.6596412108047, 282.7604675292969]]}, "mtl": 0}, {"geom": {"lines": [[-384.1365955986548, 126.6596412108047, 282.7604675292969, -353.3412322937511, 155.71532691537868, 282.4200744628906]]}, "mtl": 0}, {"geom": {"lines": [[-383.88680732704233, 126.66644385817926, 282.76519775390625, -383.886941269855, 126.64900293841492, 282.7647705078125, -383.88829150341917, 126.63161384675186, 282.7643127441406, -383.8908514502691, 126.6143613018794, 282.76385498046875, -383.89460863696877, 126.5973293556599, 282.76336669921875, -383.89954476070125, 126.58060098893475, 282.7628479003906, -383.90563577227294, 126.56425769615453, 282.7623291015625, -383.9128519957885, 126.54837910074275, 282.76177978515625, -383.92115827684756, 126.53304256580304, 282.7612609863281, -383.93051414587535, 126.51832280762028, 282.76068115234375, -383.94087402394507, 126.50429153430741, 282.7601318359375, -383.9521874374477, 126.49101711332332, 282.75958251953125, -383.9643992690835, 126.47856420825701, 282.7594909667969, -383.97745002328884, 126.46699349384289, 282.75970458984375, -383.99127611948643, 126.45636134024244, 282.7598876953125, -384.00581019732635, 126.44671954482328, 282.760009765625, -384.02098144823685, 126.43811508349609, 282.76007080078125, -384.0367159600137, 126.43058987415861, 282.7601013183594, -384.0529370752629, 126.42418058111798, 282.76007080078125, -384.0695657670731, 126.41891842789482, 282.7599792480469, -384.08652102039196, 126.41482905193698, 282.75982666015625, -384.1037202323787, 126.41193237609696, 282.7596435546875, -384.12107961042784, 126.41024251363706, 282.7593994140625, -384.13851457985584, 126.40976769465487, 282.75909423828125, -384.1559402012499, 126.41051023534965, 282.75872802734375, -384.17327157687396, 126.41246651567053, 282.7583312988281, -384.19042427057866, 126.41562700818758, 282.75787353515625, -384.20731471746694, 126.41997631534468, 282.7573547363281, -384.2238606273895, 126.42549324117135, 282.7568054199219, -384.2399813908851, 126.43215091514867, 282.75616455078125, -384.2555984688224, 126.43991689838003, 282.7555236816406, -384.27063577692024, 126.44875335681718, 282.75482177734375, -384.2850200550165, 126.45861723821145, 282.75408935546875, -384.29868122329935, 126.46946048911195, 282.7532958984375, -384.31155272736214, 126.4812302821083, 282.7524719238281, -384.3235718581127, 126.49386927473824, 282.75225830078125, -384.33468005945906, 126.50731589260977, 282.75244140625, -384.3448232122464, 126.52150462183636, 282.7526550292969, -384.35395190224517, 126.53636633779388, 282.7528991699219, -384.3620216528652, 126.55182864132803, 282.7532043457031, -384.3689931513509, 126.56781619216781, 282.7535400390625, -384.37483243248425, 126.58425110660028, 282.75390625, -384.3795110468054, 126.60105331602972, 282.7543029785156, -384.38300620252267, 126.61814095627051, 282.7547607421875, -384.38530086993705, 126.6354307847796, 282.7552185058594, -384.3863838700345, 126.6528385624988, 282.7557067871094, -384.3862499273382, 126.67027948226314, 282.7562255859375, -384.38489969365764, 126.6876685739262, 282.75677490234375, -384.38233974657487, 126.70492111879867, 282.75732421875, -384.37858256010804, 126.72195306408685, 282.7579040527344, -384.37364643637557, 126.73868143174332, 282.75848388671875, -384.3675554250367, 126.75502472545486, 282.7590637207031, -384.3603392015211, 126.77090331900399, 282.7596435546875, -384.35203292034566, 126.78623985487502, 282.76025390625, -384.3426770513179, 126.80095961492043, 282.7608337402344, -384.33231717313174, 126.814990884508, 282.76141357421875, -384.3210037596291, 126.82826530735474, 282.7619934082031, -384.3087919282261, 126.84071821242105, 282.7625427246094, -384.2957411740208, 126.85228892497253, 282.7630920410156, -384.2819150778232, 126.8629210795043, 282.7636413574219, -384.2673810000997, 126.87256287492346, 282.7641296386719, -384.2522097493056, 126.8811673381133, 282.7646179199219, -384.2364752375288, 126.88869254651945, 282.7651062011719, -384.2202541222796, 126.8951018404914, 282.7655334472656, -384.2036254305858, 126.90036399371456, 282.76593017578125, -384.18667017726693, 126.90445336874109, 282.7663269042969, -384.1694709651638, 126.90735004551243, 282.76666259765625, -384.1521115869982, 126.90903990797233, 282.7669982910156, -384.13467661768664, 126.90951472509187, 282.76727294921875, -384.117250996409, 126.90877218532842, 282.7675476074219, -384.0999196206685, 126.90681590407621, 282.76776123046875, -384.0827669269638, 126.9036554134218, 282.7679443359375, -384.06587648007553, 126.89930610905867, 282.7680969238281, -384.04933057015296, 126.89378918043803, 282.7682189941406, -384.0332098067738, 126.88713150646072, 282.768310546875, -384.01759272860363, 126.87936552322935, 282.7683410644531, -384.0025554203894, 126.87052906386089, 282.76837158203125, -383.98817114229314, 126.86066518246662, 282.7683410644531, -383.9745099738939, 126.84982193063479, 282.7682800292969, -383.9616384698311, 126.83805213856976, 282.7681884765625, -383.94961933931336, 126.82541314593982, 282.76806640625, -383.9385111378506, 126.81196652899962, 282.7679138183594, -383.9283679849468, 126.79777779791038, 282.7677307128906, -383.91923929494806, 126.78291608102154, 282.76751708984375, -383.9111695444444, 126.76745378028136, 282.76727294921875, -383.90419804584235, 126.75146622944158, 282.7669982910156, -383.89835876459256, 126.73503131314646, 282.7666931152344, -383.8936801502714, 126.71822910557967, 282.766357421875, -383.89018499455415, 126.70114146440756, 282.7659912109375, -383.8878903272562, 126.68385163589846, 282.765625, -383.88680732704233, 126.66644385817926, 282.76519775390625]]}, "mtl": 0}, {"geom": {"lines": [[681.6841619410552, -1400.914865156752, 340.858154296875, 573.2185960316565, -1301.518725542468, 339.1927490234375]]}, "mtl": 0}, {"geom": {"lines": [[573.2185960316565, -1301.518725542468, 339.1927490234375, 516.3954220403684, -1246.471774974023, 338.4585266113281]]}, "mtl": 0}, {"geom": {"lines": [[516.3954220403684, -1246.471774974023, 338.4585266113281, 483.37685848225374, -1218.1238490996184, 338.0736999511719]]}, "mtl": 0}, {"geom": {"lines": [[483.37685848225374, -1218.1238490996184, 338.0736999511719, 391.1461381423287, -1191.308232889627, 337.170166015625]]}, "mtl": 0}, {"geom": {"lines": [[391.1461381423287, -1191.308232889627, 337.170166015625, 296.6921499893069, -1164.3631920322077, 336.3653564453125]]}, "mtl": 0}, {"geom": {"lines": [[296.6921499893069, -1164.3631920322077, 336.3653564453125, 254.54916317691095, -1152.3420796581777, 336.3405456542969]]}, "mtl": 0}, {"geom": {"lines": [[254.54916317691095, -1152.3420796581777, 336.3405456542969, 104.20018733351026, -1142.2574488316895, 335.33990478515625]]}, "mtl": 0}, {"geom": {"lines": [[104.20018733351026, -1142.2574488316895, 335.33990478515625, 74.21751015319023, -1146.0835414949106, 334.8899841308594]]}, "mtl": 0}, {"geom": {"lines": [[74.21751015319023, -1146.0835414949106, 334.8899841308594, 35.91448582673911, -1110.9402895533713, 333.88006591796875]]}, "mtl": 0}, {"geom": {"lines": [[35.91448582673911, -1110.9402895533713, 333.88006591796875, -17.492702620336786, -1053.920660806005, 332.5929870605469]]}, "mtl": 0}, {"geom": {"lines": [[-17.492702620336786, -1053.920660806005, 332.5929870605469, -50.28653467167169, -1002.9790592334466, 331.787353515625]]}, "mtl": 0}, {"geom": {"lines": [[-50.28653467167169, -1002.9790592334466, 331.787353515625, -100.95072781131603, -1004.0986608929234, 331.1072692871094]]}, "mtl": 0}, {"geom": {"lines": [[-100.95072781131603, -1004.0986608929234, 331.1072692871094, -107.4216656065546, -1013.9538461734774, 331.1380920410156]]}, "mtl": 0}, {"geom": {"lines": [[-107.4216656065546, -1013.9538461734774, 331.1380920410156, -46.21151063544676, -1084.6995170043083, 332.3705749511719]]},