{"type": "block", "layer": 2, "block": 130, "features": [{"geom": {"lines": [[376.39011639147066, 703.944124428439, 285.1964416503906, 372.19350846891757, 704.5697508220328, 284.7496032714844]]}, "mtl": 0}, {"geom": {"lines": [[375.59350386529695, 733.0094260898186, 286.2410583496094, 375.59347976197023, 733.0062867159722, 286.2406005859375, 375.5932367260102, 733.0031566702528, 286.2401123046875, 375.5927759410115, 733.0000512021361, 286.23956298828125, 375.5920996516943, 732.9969854437513, 286.239013671875, 375.5912111530779, 732.993974328856, 286.23846435546875, 375.590114774066, 732.9910325248493, 286.23785400390625, 375.58881585649215, 732.988174368511, 286.2372741699219, 375.58732072799467, 732.9854137812508, 286.23663330078125, 375.5856366722146, 732.9827642150922, 286.23602294921875, 375.58377189480234, 732.9802385753719, 286.2353820800781, 375.58173547976185, 732.9778491685865, 286.2347412109375, 375.5795373489382, 732.9756076344056, 286.2341003417969, 375.57718821114395, 732.9735248963116, 286.2334289550781, 375.5746995114023, 732.9716110992013, 286.2328796386719, 375.5720833744854, 732.9698755674763, 286.2326965332031, 375.56935254565906, 732.9683267519576, 286.2325439453125, 375.56652032909915, 732.9669722047402, 286.232421875, 375.5636005223496, 732.9658185251756, 286.2323303222656, 375.5606073526433, 732.9648713272763, 286.2322998046875, 375.55755540006794, 732.9641352313338, 286.2322692871094, 375.5544595348183, 732.9636138220085, 286.2322692871094, 375.5513348391978, 732.9633096399484, 286.2323303222656, 375.5481965369545, 732.9632241659565, 286.232421875, 375.54505991667975, 732.9633578163339, 286.2325134277344, 375.54194026009645, 732.9637099419488, 286.232666015625, 375.5388527653413, 732.964278824511, 286.23284912109375, 375.5358124759514, 732.9650616970612, 286.2330627441406, 375.53283420193475, 732.9660547383828, 286.2332763671875, 375.5299324543448, 732.9672531177057, 286.2335510253906, 375.52712137042545, 732.968650994706, 286.2338562011719, 375.52441464504227, 732.970241553965, 286.2341613769531, 375.5218254645588, 732.9720170533983, 286.2345275878906, 375.51936644362286, 732.9739688363625, 286.2348937988281, 375.51704956241883, 732.9760874005733, 286.2352600097656, 375.5148861082271, 732.9783624213887, 286.2356872558594, 375.5128866221057, 732.9807828151388, 286.2361145019531, 375.5110608440591, 732.9833367894171, 286.2365417480469, 375.5094176704297, 732.986011901754, 286.23699951171875, 375.507965105935, 732.9887951192213, 286.2374572753906, 375.50671022664756, 732.9916728836251, 286.2379455566406, 375.5056591471657, 732.9946311748354, 286.2384338378906, 375.50481698755175, 732.9976555787725, 286.2388916015625, 375.5041878520278, 733.0007313609822, 286.2393798828125, 375.5037748045288, 733.003843536484, 286.2398681640625, 375.50357985752635, 733.0069769452093, 286.2403564453125, 375.50360396073665, 733.0101163190557, 286.2408142089844, 375.5038469970459, 733.0132463629125, 286.2413024902344, 375.5043077818118, 733.0163518300978, 286.24176025390625, 375.504984071129, 733.0194175894139, 286.2421875, 375.505872569629, 733.0224287061719, 286.24261474609375, 375.5069689487573, 733.0253705092473, 286.2430419921875, 375.508267866564, 733.0282286655856, 286.2434387207031, 375.50976299482863, 733.0309892528458, 286.2438049316406, 375.5114470506087, 733.0336388190044, 286.244140625, 375.51331182802096, 733.0361644577933, 286.2444763183594, 375.51534824306145, 733.0385538673727, 286.2447814941406, 375.5175463737687, 733.0407953978283, 286.2450256347656, 375.51989551167935, 733.0428781387163, 286.2452697753906, 375.5223842113046, 733.0447919358267, 286.2454833984375, 375.52500034845434, 733.046527468483, 286.24566650390625, 375.5277311770478, 733.0480762812076, 286.2458190917969, 375.53056339384057, 733.0494308274938, 286.2459411621094, 375.5334832005901, 733.0505845098523, 286.24603271484375, 375.53647637029644, 733.0515317068202, 286.2460632324219, 375.53952832275536, 733.0522678018315, 286.24609375, 375.5426241882378, 733.0527892102255, 286.2460632324219, 375.5457488837419, 733.0530933941482, 286.2460021972656, 375.5488871859852, 733.0531788681401, 286.2459411621094, 375.55202380602714, 733.0530452159, 286.2458190917969, 375.55514346284326, 733.0526930912165, 286.24566650390625, 375.5582309573656, 733.0521242086543, 286.2454833984375, 375.5612712466391, 733.0513413370354, 286.2452697753906, 375.56424952088855, 733.0503482938511, 286.2450256347656, 375.56715126836207, 733.0491499154596, 286.2447509765625, 375.56996235228144, 733.0477520403219, 286.24444580078125, 375.57266907801386, 733.0461614782689, 286.244140625, 375.5752582581481, 733.0443859825609, 286.2438049316406, 375.57771727931686, 733.0424341977341, 286.24383544921875, 375.58003416028805, 733.0403156344546, 286.24383544921875, 375.5821976144798, 733.0380406127078, 286.2437744140625, 375.58419710060116, 733.0356202180265, 286.2436828613281, 375.5860228786478, 733.0330662446795, 286.2435607910156, 375.5876660523936, 733.0303911323426, 286.2433776855469, 375.5891186168883, 733.0276079148753, 286.2431640625, 375.59037349617574, 733.0247301495401, 286.242919921875, 375.591424575774, 733.0217718583299, 286.24261474609375, 375.59226673515514, 733.018747455324, 286.2422790527344, 375.59289587067906, 733.0156716740457, 286.2419128417969, 375.5933089182945, 733.0125594966812, 286.24151611328125, 375.59350386529695, 733.0094260898186, 286.2410583496094]]},