{"type": "block", "layer": 2, "block": 130, "features": [{"geom": {"lines": [[353.4215997871943, 728.6579537661164, 285.1964416503906, 349.2249918646412, 729.2835801597103, 284.7496032714844]]}, "mtl": 0}, {"geom": {"lines": [[352.6249872610206, 757.723255427496, 286.2410583496094, 352.62496315769386, 757.7201160536497, 286.2406005859375, 352.62472012173384, 757.7169860079302, 286.2401123046875, 352.6242593367351, 757.7138805398135, 286.23956298828125, 352.6235830474179, 757.7108147814288, 286.239013671875, 352.6226945488015, 757.7078036665334, 286.23846435546875, 352.62159816978965, 757.7048618625267, 286.23785400390625, 352.6202992522158, 757.7020037061884, 286.2372741699219, 352.6188041237183, 757.6992431189283, 286.23663330078125, 352.61712006793823, 757.6965935527696, 286.23602294921875, 352.61525529052597, 757.6940679130494, 286.2353820800781, 352.6132188754855, 757.691678506264, 286.2347412109375, 352.6110207446618, 757.6894369720831, 286.2341003417969, 352.6086716068676, 757.687354233989, 286.2334289550781, 352.6061829071259, 757.6854404368787, 286.2328796386719, 352.603566770209, 757.6837049051537, 286.2326965332031, 352.6008359413827, 757.6821560896351, 286.2325439453125, 352.5980037248228, 757.6808015424176, 286.232421875, 352.5950839180732, 757.679647862853, 286.2323303222656, 352.5920907483669, 757.6787006649538, 286.2322998046875, 352.58903879579157, 757.6779645690112, 286.2322692871094, 352.58594293054193, 757.6774431596859, 286.2322692871094, 352.58281823492143, 757.6771389776259, 286.2323303222656, 352.5796799326781, 757.6770535036339, 286.232421875, 352.5765433124034, 757.6771871540113, 286.2325134277344, 352.5734236558201, 757.6775392796262, 286.232666015625, 352.5703361610649, 757.6781081621884, 286.23284912109375, 352.567295871675, 757.6788910347386, 286.2330627441406, 352.5643175976584, 757.6798840760603, 286.2332763671875, 352.56141585006844, 757.6810824553831, 286.2335510253906, 352.5586047661491, 757.6824803323834, 286.2338562011719, 352.5558980407659, 757.6840708916425, 286.2341613769531, 352.5533088602824, 757.6858463910758, 286.2345275878906, 352.5508498393465, 757.6877981740399, 286.2348937988281, 352.54853295814246, 757.6899167382508, 286.2352600097656, 352.5463695039507, 757.6921917590662, 286.2356872558594, 352.54437001782935, 757.6946121528163, 286.2361145019531, 352.5425442397827, 757.6971661270945, 286.2365417480469, 352.5409010661533, 757.6998412394314, 286.23699951171875, 352.5394485016586, 757.7026244568988, 286.2374572753906, 352.5381936223712, 757.7055022213026, 286.2379455566406, 352.53714254288934, 757.7084605125128, 286.2384338378906, 352.5363003832754, 757.71148491645, 286.2388916015625, 352.53567124775145, 757.7145606986596, 286.2393798828125, 352.53525820025243, 757.7176728741615, 286.2398681640625, 352.53506325325, 757.7208062828868, 286.2403564453125, 352.5350873564603, 757.7239456567331, 286.2408142089844, 352.53533039276954, 757.7270757005899, 286.2413024902344, 352.53579117753543, 757.7301811677753, 286.24176025390625, 352.5364674668526, 757.7332469270914, 286.2421875, 352.5373559653526, 757.7362580438494, 286.24261474609375, 352.5384523444809, 757.7391998469247, 286.2430419921875, 352.5397512622876, 757.7420580032631, 286.2434387207031, 352.54124639055226, 757.7448185905232, 286.2438049316406, 352.5429304463323, 757.7474681566819, 286.244140625, 352.5447952237446, 757.7499937954708, 286.2444763183594, 352.5468316387851, 757.7523832050501, 286.2447814941406, 352.54902976949234, 757.7546247355058, 286.2450256347656, 352.551378907403, 757.7567074763938, 286.2452697753906, 352.5538676070282, 757.7586212735041, 286.2454833984375, 352.55648374417797, 757.7603568061604, 286.24566650390625, 352.55921457277145, 757.7619056188851, 286.2458190917969, 352.5620467895642, 757.7632601651712, 286.2459411621094, 352.56496659631375, 757.7644138475298, 286.24603271484375, 352.56795976602007, 757.7653610444977, 286.2460632324219, 352.571011718479, 757.7660971395089, 286.24609375, 352.57410758396145, 757.7666185479029, 286.2460632324219, 352.57723227946553, 757.7669227318256, 286.2460021972656, 352.58037058170885, 757.7670082058175, 286.2459411621094, 352.58350720175076, 757.7668745535775, 286.2458190917969, 352.5866268585669, 757.766522428894, 286.24566650390625, 352.5897143530892, 757.7659535463317, 286.2454833984375, 352.5927546423627, 757.7651706747129, 286.2452697753906, 352.5957329166122, 757.7641776315286, 286.2450256347656, 352.5986346640857, 757.762979253137, 286.2447509765625, 352.60144574800506, 757.7615813779994, 286.24444580078125, 352.6041524737375, 757.7599908159464, 286.244140625, 352.6067416538717, 757.7582153202384, 286.2438049316406, 352.6092006750405, 757.7562635354116, 286.24383544921875, 352.6115175560117, 757.754144972132, 286.24383544921875, 352.61368101020344, 757.7518699503853, 286.2437744140625, 352.6156804963248, 757.7494495557039, 286.2436828613281, 352.6175062743714, 757.746895582357, 286.2435607910156, 352.61914944811724, 757.7442204700201, 286.2433776855469, 352.6206020126119, 757.7414372525527, 286.2431640625, 352.62185689189937, 757.7385594872176, 286.242919921875, 352.6229079714976, 757.7356011960073, 286.24261474609375, 352.62375013087876, 757.7325767930015, 286.2422790527344, 352.6243792664027, 757.7295010117232, 286.2419128417969, 352.6247923140181, 757.7263888343587, 286.24151611328125, 352.6249872610206, 757.723255427496, 286.2410583496094]]},