{"type": "block", "layer": 2, "block": 547, "features": [{"geom": {"lines": [[414.7374734330224, 555.0239979837788, 281.0416564941406, 414.73744932806585, 555.0208586080698, 281.0408935546875, 414.73720628989395, 555.0177285632817, 281.04010009765625, 414.7367455032654, 555.0146230970277, 281.0393371582031, 414.7360692117363, 555.0115573358489, 281.0385437011719, 414.73518071114086, 555.0085462209536, 281.03778076171875, 414.73408433026634, 555.0056044160156, 281.0369873046875, 414.732785410597, 555.0027462615399, 281.0362548828125, 414.73129028023686, 554.9999856761424, 281.0354919433594, 414.72960622259416, 554.9973361109151, 281.0347595214844, 414.7277414435521, 554.9948104702635, 281.0340576171875, 414.72570502664894, 554.9924210644094, 281.03338623046875, 414.7235068944283, 554.9901795320911, 281.0327453613281, 414.7211577548878, 554.9880967939971, 281.0321350097656, 414.71866905363277, 554.9861829987494, 281.03155517578125, 414.71605291520245, 554.9844474670244, 281.031005859375, 414.713322085212, 554.9828986561624, 281.0304870605469, 414.7104898674879, 554.9815441098763, 281.030029296875, 414.7075700595742, 554.9803904293803, 281.0296325683594, 414.704576889053, 554.9794432352064, 281.02923583984375, 414.70152493554633, 554.9787071411265, 281.0289306640625, 414.6984290694818, 554.9781857336638, 281.0286560058594, 414.69530437351204, 554.9778815516038, 281.0284423828125, 414.69216607080307, 554.9777960813371, 281.0282897949219, 414.68902945006266, 554.9779297335772, 281.0281677246094, 414.6859097930137, 554.978281861986, 281.0281066894531, 414.6828222986078, 554.9788507454796, 281.0281066894531, 414.6797820092179, 554.9796336189611, 281.0281677246094, 414.67680373520125, 554.980626664008, 281.0282897949219, 414.6739019881934, 554.9818250451935, 281.0284423828125, 414.6710909048561, 554.9832229212625, 281.0286560058594, 414.6683841799386, 554.9848134842468, 281.0289306640625, 414.6657950000372, 554.9865889846114, 281.0292663574219, 414.6633359802654, 554.9885407694383, 281.0296325683594, 414.6610190998763, 554.9906593355117, 281.0300598144531, 414.6588556469651, 554.9929343581898, 281.030517578125, 414.6568561618915, 554.9953547538025, 281.0310363769531, 414.65503038535826, 554.9979087290121, 281.0315856933594, 414.6533872130094, 555.0005838422803, 281.03216552734375, 414.65193465014454, 555.0033670616103, 281.0328063964844, 414.6506797722541, 555.0062448278768, 281.033447265625, 414.64962869451847, 555.0092031181557, 281.0341491699219, 414.64878653676715, 555.0122275239555, 281.03485107421875, 414.64815740298945, 555.0153033070965, 281.03558349609375, 414.64774435723666, 555.0184154835297, 281.0363464355469, 414.64754941221327, 555.0215488922549, 281.037109375, 414.6475735172862, 555.0246882670326, 281.0378723144531, 414.6478165553417, 555.0278183108894, 281.0386657714844, 414.6482773422031, 555.0309237799374, 281.0394592285156, 414.64895363349933, 555.0339895392535, 281.0402526855469, 414.64984213386197, 555.0370006541489, 281.0410461425781, 414.6509385150857, 555.0399424581556, 281.04180908203125, 414.65223743452225, 555.0428006126313, 281.0425720214844, 414.6537325648824, 555.0455611998914, 281.0433349609375, 414.6554166226415, 555.0482107669814, 281.0440673828125, 414.6572814018, 555.050736404839, 281.0447692871094, 414.6593178185867, 555.0531258116243, 281.0454406738281, 414.66151595080737, 555.05536734208, 281.04608154296875, 414.6638650903478, 555.057450080174, 281.04669189453125, 414.6663537916029, 555.059363876353, 281.0472717285156, 414.6689699300332, 555.0610994071467, 281.0478210449219, 414.6717007601401, 555.0626482208027, 281.0483093261719, 414.67453297786415, 555.0640027642949, 281.04876708984375, 414.67745278554503, 555.0651564447908, 281.0491943359375, 414.6804459564155, 555.066103639896, 281.049560546875, 414.68349790980574, 555.0668397339759, 281.04986572265625, 414.6865937758703, 555.0673611405073, 281.05010986328125, 414.68971847184, 555.067665321636, 281.0503234863281, 414.692856774549, 555.0677507946966, 281.05047607421875, 414.695993395173, 555.0676171405939, 281.05059814453125, 414.69911305210553, 555.0672650149791, 281.0506286621094, 414.70220054662786, 555.0666961286915, 281.0506286621094, 414.70524083601777, 555.0659132561414, 281.0505676269531, 414.7082191100344, 555.0649202101631, 281.0504455566406, 414.71112085704226, 555.0637218299089, 281.0502624511719, 414.7139319406124, 555.0623239529086, 281.050048828125, 414.7166386655299, 555.060733388993, 281.0497741699219, 414.71922784508206, 555.058957890491, 281.0494384765625, 414.7216868652031, 555.0570061047329, 281.049072265625, 414.72400374535937, 555.0548875395907, 281.04864501953125, 414.72616719827056, 555.0526125159813, 281.0481872558594, 414.7281666834606, 555.0501921212999, 281.04766845703125, 414.7299924601102, 555.0476381470216, 281.047119140625, 414.7316356324591, 555.0449630318908, 281.0465393066406, 414.7330881950911, 555.0421798134921, 281.0459289550781, 414.7343430729816, 555.0393020472256, 281.0452880859375, 414.7353941508336, 555.0363437569467, 281.0445861816406, 414.7362363085849, 555.0333193511469, 281.04388427734375, 414.7368654422462, 555.0302435670746, 281.04315185546875, 414.7372784881154, 555.0271313915728, 281.04241943359375, 414.7374734330224, 555.0239979837788, 281.0416564941406]]},