{"type": "block", "layer": 2, "block": 547, "features": [{"geom": {"lines": [[391.768956828746, 579.7378273214563, 281.0416564941406, 391.7689327237895, 579.7346879457473, 281.0408935546875, 391.7686896856176, 579.7315579009592, 281.04010009765625, 391.76822889898904, 579.7284524347051, 281.0393371582031, 391.76755260745995, 579.7253866735264, 281.0385437011719, 391.7666641068645, 579.722375558631, 281.03778076171875, 391.76556772598997, 579.719433753693, 281.0369873046875, 391.7642688063206, 579.7165755992173, 281.0362548828125, 391.7627736759605, 579.7138150138198, 281.0354919433594, 391.7610896183178, 579.7111654485925, 281.0347595214844, 391.7592248392757, 579.7086398079409, 281.0340576171875, 391.75718842237256, 579.7062504020869, 281.03338623046875, 391.7549902901519, 579.7040088697686, 281.0327453613281, 391.75264115061145, 579.7019261316746, 281.0321350097656, 391.7501524493564, 579.7000123364269, 281.03155517578125, 391.7475363109261, 579.6982768047019, 281.031005859375, 391.7448054809356, 579.6967279938399, 281.0304870605469, 391.74197326321155, 579.6953734475537, 281.030029296875, 391.73905345529784, 579.6942197670578, 281.0296325683594, 391.7360602847766, 579.6932725728839, 281.02923583984375, 391.73300833126996, 579.692536478804, 281.0289306640625, 391.7299124652054, 579.6920150713413, 281.0286560058594, 391.72678776923567, 579.6917108892812, 281.0284423828125, 391.7236494665267, 579.6916254190146, 281.0282897949219, 391.7205128457863, 579.6917590712546, 281.0281677246094, 391.71739318873733, 579.6921111996635, 281.0281066894531, 391.7143056943314, 579.692680083157, 281.0281066894531, 391.7112654049415, 579.6934629566385, 281.0281677246094, 391.7082871309249, 579.6944560016855, 281.0282897949219, 391.705385383917, 579.695654382871, 281.0284423828125, 391.7025743005797, 579.69705225894, 281.0286560058594, 391.6998675756622, 579.6986428219243, 281.0289306640625, 391.6972783957608, 579.7004183222889, 281.0292663574219, 391.694819375989, 579.7023701071157, 281.0296325683594, 391.6925024955999, 579.7044886731892, 281.0300598144531, 391.6903390426887, 579.7067636958673, 281.030517578125, 391.6883395576151, 579.70918409148, 281.0310363769531, 391.6865137810819, 579.7117380666896, 281.0315856933594, 391.68487060873304, 579.7144131799578, 281.03216552734375, 391.68341804586817, 579.7171963992878, 281.0328063964844, 391.6821631679777, 579.7200741655543, 281.033447265625, 391.6811120902421, 579.7230324558332, 281.0341491699219, 391.6802699324908, 579.726056861633, 281.03485107421875, 391.6796407987131, 579.7291326447739, 281.03558349609375, 391.6792277529603, 579.7322448212071, 281.0363464355469, 391.6790328079369, 579.7353782299324, 281.037109375, 391.67905691300984, 579.7385176047101, 281.0378723144531, 391.67929995106533, 579.7416476485669, 281.0386657714844, 391.6797607379267, 579.7447531176149, 281.0394592285156, 391.68043702922296, 579.747818876931, 281.0402526855469, 391.6813255295856, 579.7508299918263, 281.0410461425781, 391.68242191080935, 579.753771795833, 281.04180908203125, 391.6837208302459, 579.7566299503087, 281.0425720214844, 391.685215960606, 579.7593905375688, 281.0433349609375, 391.6869000183651, 579.7620401046588, 281.0440673828125, 391.6887647975236, 579.7645657425164, 281.0447692871094, 391.69080121431034, 579.7669551493018, 281.0454406738281, 391.692999346531, 579.7691966797574, 281.04608154296875, 391.69534848607145, 579.7712794178515, 281.04669189453125, 391.6978371873265, 579.7731932140305, 281.0472717285156, 391.7004533257568, 579.7749287448241, 281.0478210449219, 391.7031841558637, 579.7764775584801, 281.0483093261719, 391.7060163735878, 579.7778321019723, 281.04876708984375, 391.70893618126865, 579.7789857824682, 281.0491943359375, 391.7119293521391, 579.7799329775735, 281.049560546875, 391.71498130552936, 579.7806690716534, 281.04986572265625, 391.7180771715939, 579.7811904781847, 281.05010986328125, 391.72120186756365, 579.7814946593135, 281.0503234863281, 391.7243401702726, 579.7815801323741, 281.05047607421875, 391.7274767908966, 579.7814464782714, 281.05059814453125, 391.73059644782916, 579.7810943526565, 281.0506286621094, 391.7336839423515, 579.780525466369, 281.0506286621094, 391.7367242317414, 579.7797425938188, 281.0505676269531, 391.73970250575803, 579.7787495478406, 281.0504455566406, 391.7426042527659, 579.7775511675864, 281.0502624511719, 391.745415336336, 579.7761532905861, 281.050048828125, 391.7481220612535, 579.7745627266704, 281.0497741699219, 391.7507112408057, 579.7727872281685, 281.0494384765625, 391.7531702609267, 579.7708354424103, 281.049072265625, 391.755487141083, 579.7687168772682, 281.04864501953125, 391.7576505939942, 579.7664418536588, 281.0481872558594, 391.7596500791842, 579.7640214589774, 281.04766845703125, 391.76147585583385, 579.7614674846991, 281.047119140625, 391.7631190281827, 579.7587923695683, 281.0465393066406, 391.76457159081474, 579.7560091511696, 281.0459289550781, 391.7658264687052, 579.7531313849031, 281.0452880859375, 391.7668775465572, 579.7501730946242, 281.0445861816406, 391.76771970430855, 579.7471486888244, 281.04388427734375, 391.7683488379698, 579.7440729047521, 281.04315185546875, 391.76876188383903, 579.7409607292502, 281.04241943359375, 391.768956828746, 579.7378273214563, 281.0416564941406]]},